wavelength,"(1406, 2263)","(1404, 2273)","(1411, 2282)","(1404, 2295)","(1411, 2310)","(1404, 2317)","(1415, 2298)","(1404, 2306)","(1411, 2321)","(1404, 2285)"
399.471,0.380192,0.344051,0.203883,0.334405,0.300971,0.273312,0.25817,0.29582,0.36246,0.200647
401.098,0.32973,0.339726,0.325203,0.20274,0.314363,0.326027,0.357341,0.315068,0.273713,0.368132
402.725,0.261745,0.324138,0.193258,0.287356,0.373034,0.363218,0.374134,0.331034,0.359551,0.309091
404.351,0.29588,0.269962,0.255238,0.26616,0.371429,0.313688,0.272553,0.250951,0.335238,0.258126
405.978,0.212662,0.235294,0.286634,0.238562,0.243156,0.297386,0.275862,0.256536,0.26409,0.248788
407.605,0.232782,0.211405,0.213389,0.232267,0.259414,0.242003,0.286932,0.218359,0.244073,0.222067
409.232,0.210275,0.255114,0.245823,0.166065,0.186158,0.247894,0.242945,0.21059,0.26611,0.204327
410.858,0.240454,0.18476,0.19667,0.176409,0.19563,0.206681,0.206417,0.230689,0.264308,0.170168
412.485,0.23279,0.227106,0.165605,0.188645,0.242038,0.263736,0.293071,0.205128,0.251137,0.220183
414.112,0.213247,0.214227,0.180713,0.175797,0.236629,0.198692,0.23192,0.21668,0.275527,0.212195
415.738,0.215263,0.187181,0.168474,0.185725,0.230658,0.243263,0.227205,0.225055,0.256688,0.21068
417.365,0.254415,0.194702,0.187169,0.204636,0.242063,0.205298,0.222596,0.192715,0.212302,0.196809
418.992,0.175104,0.209415,0.178721,0.202173,0.25523,0.191913,0.197304,0.204587,0.216975,0.224044
420.619,0.230642,0.227451,0.19956,0.191597,0.221001,0.226891,0.193785,0.227451,0.233095,0.200112
422.245,0.208016,0.206422,0.153493,0.185015,0.203978,0.207441,0.215401,0.213558,0.233044,0.216452
423.872,0.222379,0.208749,0.167135,0.206847,0.195225,0.226819,0.192104,0.208274,0.237828,0.211207
425.499,0.201839,0.235528,0.200088,0.202828,0.207093,0.247017,0.215986,0.233319,0.206655,0.190391
427.126,0.209188,0.21597,0.172245,0.205213,0.213061,0.226727,0.199498,0.233347,0.236327,0.206211
428.752,0.1934,0.195728,0.200537,0.219029,0.22546,0.203107,0.215686,0.222524,0.22431,0.200311
430.379,0.225667,0.228675,0.177252,0.211252,0.214926,0.2,0.217664,0.201815,0.240761,0.199565
432.006,0.225506,0.224428,0.212261,0.206931,0.213579,0.227793,0.205372,0.222409,0.21292,0.205872
433.633,0.223443,0.211616,0.19219,0.21625,0.215985,0.215323,0.213745,0.203275,0.236425,0.191081
435.259,0.233894,0.217156,0.17667,0.213166,0.227916,0.210601,0.234848,0.211456,0.223103,0.221584
436.886,0.215729,0.232285,0.198753,0.215321,0.224783,0.206019,0.220519,0.221614,0.250542,0.233691
438.513,0.233582,0.225772,0.184168,0.215755,0.204957,0.218733,0.225151,0.229832,0.232409,0.191728
440.14,0.224292,0.227285,0.193466,0.224421,0.233538,0.247071,0.206769,0.223119,0.227922,0.230365
441.766,0.2306,0.220306,0.198148,0.23312,0.21204,0.212666,0.220854,0.223509,0.22447,0.220199
443.393,0.239972,0.224122,0.179677,0.208197,0.224942,0.226932,0.204938,0.225995,0.248499,0.212264
445.02,0.220637,0.226658,0.1849,0.226658,0.228483,0.221335,0.221289,0.222444,0.239269,0.215309
446.647,0.239638,0.231424,0.182814,0.219928,0.217776,0.227592,0.201559,0.217586,0.241154,0.212115
448.273,0.202904,0.232259,0.192929,0.209421,0.213737,0.211664,0.215589,0.244086,0.237778,0.233388
449.9,0.223745,0.239301,0.1911,0.215744,0.23849,0.219081,0.223145,0.2287,0.242728,0.22104
451.527,0.220717,0.257084,0.175279,0.245449,0.217472,0.223869,0.205231,0.218803,0.227695,0.238716
453.153,0.213554,0.231226,0.204513,0.219881,0.226719,0.229065,0.211242,0.227805,0.229405,0.20397
454.78,0.227437,0.244933,0.205027,0.232635,0.214774,0.23939,0.221889,0.221549,0.235123,0.223632
456.407,0.25033,0.240094,0.190649,0.221535,0.218472,0.235078,0.221469,0.215014,0.229997,0.225628
458.034,0.203942,0.227923,0.19797,0.230014,0.204632,0.233071,0.229902,0.226797,0.23144,0.224444
459.66,0.218692,0.233597,0.209245,0.221033,0.206796,0.240887,0.21722,0.246006,0.22991,0.225199
461.287,0.210994,0.243509,0.19153,0.220233,0.225616,0.223963,0.225463,0.22635,0.22901,0.230399
462.914,0.22905,0.224325,0.196528,0.229091,0.220009,0.240647,0.237464,0.245847,0.208055,0.225171
464.541,0.232661,0.220061,0.193277,0.215477,0.221105,0.228536,0.225163,0.224368,0.224136,0.231299
466.167,0.234425,0.230831,0.216935,0.231232,0.217201,0.236842,0.209004,0.237777,0.228499,0.240119
467.794,0.219342,0.223757,0.20523,0.216527,0.216254,0.239638,0.233258,0.24377,0.221766,0.229416
469.421,0.229224,0.233057,0.202462,0.23745,0.215396,0.220884,0.230483,0.235316,0.231563,0.230886
471.048,0.227489,0.228188,0.193109,0.224405,0.218166,0.232459,0.226791,0.215497,0.224551,0.219815
472.674,0.234945,0.235119,0.18803,0.237862,0.215009,0.229631,0.228779,0.233568,0.229147,0.232343
474.301,0.23179,0.228121,0.193246,0.239365,0.212593,0.225455,0.218732,0.21792,0.245106,0.226884
475.928,0.233498,0.237003,0.19548,0.238811,0.223422,0.23689,0.21895,0.237907,0.255371,0.232169
477.555,0.236253,0.219939,0.202013,0.226279,0.224086,0.228575,0.238685,0.226498,0.226358,0.213162
479.181,0.223462,0.230777,0.201134,0.2363,0.221079,0.229078,0.217645,0.211342,0.231157,0.232703
480.808,0.230066,0.233213,0.19886,0.222898,0.220639,0.235585,0.226128,0.234244,0.221759,0.239033
482.435,0.234931,0.242318,0.200612,0.225703,0.22717,0.235412,0.222313,0.212591,0.224405,0.233519
484.062,0.218608,0.257945,0.203049,0.224026,0.216293,0.231704,0.226673,0.228108,0.21858,0.223148
485.688,0.231524,0.231232,0.1978,0.21778,0.223865,0.226905,0.222716,0.221072,0.218504,0.232245
487.315,0.239144,0.231997,0.192414,0.233358,0.231237,0.22456,0.223274,0.218302,0.205922,0.216412
488.942,0.231202,0.232256,0.202966,0.233134,0.21112,0.233573,0.222659,0.234803,0.23931,0.215592
490.569,0.225083,0.227772,0.191888,0.2385,0.225506,0.232063,0.229411,0.233351,0.236853,0.214366
492.195,0.234007,0.227154,0.203243,0.225896,0.212673,0.228245,0.225598,0.232021,0.227397,0.228135
493.822,0.21635,0.229346,0.200728,0.227544,0.223858,0.237861,0.222601,0.228036,0.221674,0.228425
495.449,0.212883,0.243375,0.192959,0.221279,0.216483,0.23601,0.212865,0.23673,0.221171,0.215468
497.075,0.226663,0.233661,0.204317,0.230043,0.21359,0.236571,0.222852,0.229021,0.222785,0.221718
498.702,0.238139,0.23418,0.203985,0.223403,0.217574,0.236259,0.22552,0.236721,0.231544,0.231817
500.329,0.218374,0.239382,0.202597,0.230302,0.224685,0.225574,0.221335,0.229776,0.222148,0.219147
501.956,0.222982,0.234518,0.189969,0.231294,0.217294,0.236497,0.222693,0.22565,0.223599,0.226865
503.582,0.226176,0.237038,0.204571,0.228182,0.214195,0.221968,0.214731,0.223254,0.220705,0.220974
505.209,0.226825,0.235343,0.201573,0.225084,0.214266,0.228015,0.215554,0.219849,0.223717,0.230465
506.836,0.224944,0.23602,0.190893,0.221697,0.21858,0.239378,0.220677,0.221012,0.219666,0.227828
508.463,0.227874,0.231631,0.19807,0.227605,0.217704,0.217674,0.225066,0.223244,0.218968,0.212722
510.089,0.22177,0.226357,0.194704,0.225632,0.214794,0.228596,0.211589,0.231099,0.234231,0.229055
511.716,0.220663,0.239202,0.196066,0.218028,0.219837,0.233698,0.223557,0.228712,0.216698,0.230374
513.343,0.224946,0.223625,0.201725,0.212214,0.209403,0.212851,0.219684,0.226685,0.223313,0.215855
514.97,0.228598,0.233864,0.19979,0.236739,0.214405,0.221243,0.213272,0.227179,0.226676,0.216637
516.596,0.221648,0.236547,0.196292,0.215745,0.218095,0.219059,0.212483,0.225808,0.230899,0.207698
518.223,0.217472,0.243282,0.198652,0.226029,0.218931,0.227172,0.218611,0.2318,0.220823,0.216621
519.85,0.224454,0.236238,0.190573,0.225369,0.211793,0.233946,0.213675,0.225956,0.21817,0.221657
521.477,0.237999,0.230101,0.196616,0.226509,0.219707,0.210115,0.218375,0.210404,0.219422,0.217379
523.103,0.223674,0.233948,0.185148,0.212203,0.210953,0.224473,0.219386,0.224759,0.229829,0.222074
524.73,0.226086,0.240038,0.204622,0.213846,0.203734,0.214406,0.213896,0.209928,0.224846,0.208234
526.357,0.225383,0.235446,0.198076,0.210489,0.206718,0.214996,0.209717,0.220549,0.226885,0.21649
527.984,0.217553,0.235583,0.193813,0.230886,0.222133,0.218844,0.217441,0.229428,0.222347,0.209638
529.61,0.221055,0.236936,0.195222,0.220291,0.218335,0.22756,0.216297,0.22598,0.214967,0.212244
531.237,0.219934,0.233884,0.190152,0.235673,0.207828,0.227596,0.220568,0.22279,0.215101,0.212741
532.864,0.213072,0.232632,0.191001,0.212755,0.21913,0.215352,0.221347,0.215452,0.21613,0.223955
534.491,0.234949,0.235504,0.191475,0.220397,0.219843,0.225824,0.224284,0.220544,0.218732,0.223292
536.117,0.21547,0.223774,0.192693,0.22074,0.210461,0.222763,0.217904,0.220403,0.21792,0.210596
537.744,0.227092,0.23223,0.188713,0.228177,0.216443,0.225962,0.225078,0.225066,0.218536,0.220571
539.371,0.220481,0.231235,0.194027,0.223073,0.212055,0.227475,0.218595,0.225182,0.213148,0.219291
540.997,0.224138,0.227438,0.200896,0.218192,0.216744,0.222904,0.217268,0.217569,0.220915,0.221537
542.624,0.223152,0.233382,0.187386,0.225848,0.215115,0.233554,0.211396,0.22094,0.204185,0.220878
544.251,0.234296,0.2331,0.194034,0.229578,0.202527,0.224613,0.221312,0.2216,0.213823,0.215717
545.878,0.224522,0.227019,0.201419,0.225494,0.212565,0.219139,0.216058,0.222655,0.2311,0.216267
547.504,0.225102,0.22048,0.186509,0.227556,0.21108,0.224251,0.213153,0.227175,0.214375,0.211468
549.131,0.217628,0.228449,0.18934,0.224614,0.212739,0.22078,0.213699,0.222634,0.217335,0.222208
550.758,0.224811,0.227305,0.197473,0.217455,0.214594,0.221712,0.217305,0.214617,0.231634,0.213811
552.385,0.221512,0.233919,0.188216,0.220354,0.210947,0.229425,0.221266,0.212366,0.219564,0.216191
554.011,0.22411,0.226666,0.190886,0.228242,0.214814,0.222268,0.228264,0.224301,0.208199,0.222264
555.638,0.220655,0.226552,0.193653,0.214792,0.203906,0.227463,0.21337,0.231397,0.21546,0.216409
557.265,0.228253,0.241842,0.183388,0.210809,0.207327,0.225425,0.214802,0.227554,0.222573,0.215566
558.892,0.217239,0.22374,0.195254,0.212858,0.21005,0.223418,0.211183,0.218098,0.223569,0.219364
560.518,0.223522,0.228004,0.183091,0.211364,0.211299,0.222976,0.216582,0.224931,0.215193,0.211539
562.145,0.224461,0.220194,0.192781,0.221492,0.206224,0.213665,0.214106,0.216143,0.210226,0.221478
563.772,0.218596,0.22943,0.192792,0.217643,0.214163,0.219504,0.216561,0.212951,0.219639,0.209402
565.399,0.225927,0.233641,0.190097,0.223265,0.207437,0.220814,0.218946,0.224222,0.215595,0.205994
567.025,0.224929,0.235328,0.190206,0.220741,0.223065,0.225793,0.216354,0.22245,0.218371,0.217829
568.652,0.217259,0.22591,0.193502,0.220297,0.209561,0.224855,0.211226,0.222482,0.215449,0.214741
570.279,0.217404,0.230634,0.185321,0.212667,0.210612,0.226758,0.21147,0.220831,0.218451,0.207863
571.906,0.224111,0.234795,0.190684,0.216509,0.217238,0.216065,0.210586,0.216657,0.215588,0.220249
573.532,0.224057,0.23341,0.19441,0.21333,0.207111,0.216921,0.215215,0.211205,0.217046,0.210209
575.159,0.225761,0.220436,0.191443,0.220436,0.211958,0.220725,0.21616,0.219099,0.216362,0.215843
576.786,0.214207,0.234158,0.196259,0.210239,0.210315,0.22152,0.208243,0.2192,0.210315,0.213084
578.412,0.222424,0.231419,0.192374,0.222552,0.209289,0.222133,0.216383,0.225589,0.218579,0.221486
580.039,0.224453,0.232694,0.188448,0.213289,0.220466,0.228237,0.216968,0.216478,0.222365,0.209479
581.666,0.223793,0.240565,0.192418,0.219183,0.205929,0.220735,0.214264,0.213416,0.224719,0.218026
583.293,0.221211,0.223136,0.187178,0.215477,0.210846,0.21641,0.205194,0.220872,0.213735,0.213546
584.919,0.223045,0.232687,0.192752,0.21544,0.210269,0.220947,0.209844,0.218935,0.212874,0.214152
586.546,0.224588,0.227408,0.185783,0.218729,0.205857,0.219678,0.220155,0.218106,0.214353,0.211144
588.173,0.225426,0.230634,0.191312,0.215225,0.206425,0.218555,0.212517,0.217347,0.225147,0.209342
589.8,0.219013,0.224243,0.195292,0.216524,0.218403,0.223818,0.20645,0.22022,0.210909,0.209997
591.426,0.225359,0.225429,0.18834,0.216059,0.1981,0.214749,0.206313,0.216682,0.215938,0.210202
593.053,0.220992,0.223252,0.191393,0.210676,0.205176,0.216473,0.218293,0.215228,0.216461,0.204551
594.68,0.226986,0.217901,0.191664,0.213392,0.20866,0.220614,0.213923,0.217248,0.218586,0.212903
596.307,0.227447,0.232077,0.190791,0.220123,0.210433,0.223185,0.209018,0.220253,0.223185,0.202172
597.933,0.225323,0.229657,0.194389,0.213001,0.212487,0.215298,0.208596,0.216365,0.215008,0.219921
599.56,0.21627,0.223702,0.190353,0.221167,0.205063,0.217669,0.217272,0.212759,0.211661,0.217483
601.187,0.221155,0.232282,0.189302,0.211824,0.211886,0.229804,0.207551,0.221195,0.21736,0.214474
602.814,0.222396,0.227022,0.181221,0.214868,0.204298,0.219623,0.206314,0.21194,0.218904,0.208848
604.44,0.219618,0.230731,0.186148,0.206803,0.207782,0.21767,0.204078,0.223371,0.21761,0.210713
606.067,0.220259,0.230397,0.195778,0.211034,0.209545,0.217271,0.204706,0.217582,0.211911,0.210627
607.694,0.220554,0.225686,0.191809,0.213985,0.210344,0.222553,0.213306,0.210699,0.215471,0.213746
609.321,0.222269,0.226368,0.196949,0.209386,0.208938,0.215932,0.208987,0.214152,0.221286,0.202299
610.947,0.220995,0.232893,0.192849,0.214203,0.211968,0.221453,0.201884,0.21453,0.213978,0.214059
612.574,0.221076,0.229516,0.188708,0.210038,0.209443,0.22328,0.212858,0.215181,0.217866,0.214492
614.201,0.217386,0.231595,0.192016,0.207756,0.206237,0.218964,0.207784,0.210959,0.228513,0.2154
615.828,0.220708,0.221924,0.183265,0.216462,0.205146,0.218292,0.209459,0.215222,0.2124,0.204843
617.454,0.215693,0.234324,0.184604,0.210437,0.209331,0.206881,0.21005,0.216695,0.220382,0.209537
619.081,0.220076,0.222196,0.189008,0.207414,0.206041,0.217201,0.207304,0.216324,0.216272,0.201848
620.708,0.223452,0.226675,0.183688,0.209466,0.201704,0.22624,0.208101,0.21408,0.213581,0.21253
622.334,0.219725,0.227531,0.183592,0.210494,0.203531,0.21287,0.202296,0.213479,0.216328,0.207396
623.961,0.216223,0.223435,0.185749,0.210467,0.206727,0.219643,0.206266,0.214519,0.216332,0.203355
625.588,0.213082,0.221563,0.188436,0.206632,0.199532,0.222576,0.2033,0.211696,0.211769,0.202555
627.215,0.219684,0.220774,0.180763,0.211667,0.207869,0.216033,0.206365,0.206551,0.216189,0.205674
628.841,0.225209,0.23262,0.182267,0.208885,0.208527,0.21492,0.2089,0.21048,0.211688,0.206709
630.468,0.218927,0.225804,0.190291,0.201883,0.204964,0.21877,0.20919,0.211969,0.212776,0.203827
632.095,0.217355,0.233024,0.188924,0.208903,0.197493,0.223498,0.202166,0.208524,0.21466,0.203074
633.722,0.224327,0.220199,0.186306,0.212615,0.203082,0.216978,0.198213,0.214254,0.212312,0.205022
635.348,0.220145,0.225868,0.178707,0.205906,0.206636,0.221477,0.20477,0.210999,0.210725,0.199941
636.975,0.21095,0.226775,0.191933,0.214922,0.201446,0.222115,0.20751,0.214515,0.212838,0.203736
638.602,0.22343,0.227713,0.189334,0.201197,0.206852,0.219761,0.203763,0.210653,0.21564,0.201867
640.229,0.218402,0.224452,0.186381,0.217302,0.211817,0.217533,0.200302,0.219897,0.21824,0.203577
641.855,0.217724,0.228318,0.187198,0.214552,0.209241,0.221492,0.206371,0.220374,0.215035,0.207338
643.482,0.217254,0.221006,0.190201,0.209944,0.201542,0.223344,0.198424,0.219267,0.209984,0.209645
645.109,0.227487,0.222121,0.193845,0.211784,0.199966,0.212353,0.200372,0.20831,0.221235,0.198655
646.736,0.211549,0.228627,0.189503,0.210109,0.201691,0.218867,0.199713,0.208048,0.216481,0.199255
648.362,0.219333,0.225719,0.194279,0.207927,0.203701,0.221494,0.202908,0.207352,0.213661,0.205163
649.989,0.224198,0.224752,0.183891,0.208247,0.202198,0.221636,0.208724,0.214075,0.21706,0.197631
651.616,0.218386,0.231608,0.187155,0.204456,0.204156,0.21429,0.207151,0.210548,0.215576,0.202315
653.243,0.222804,0.229756,0.185245,0.204969,0.20254,0.217902,0.203279,0.210503,0.219346,0.204761
654.869,0.220245,0.230864,0.189148,0.210235,0.206945,0.212722,0.200366,0.211347,0.215483,0.201793
656.496,0.22392,0.229937,0.18585,0.213664,0.202331,0.222431,0.200888,0.207008,0.221718,0.203119
658.123,0.217089,0.231812,0.195476,0.205024,0.201196,0.213485,0.200526,0.21369,0.219577,0.213727
659.75,0.223885,0.226479,0.193807,0.202733,0.196202,0.216165,0.203624,0.208968,0.212709,0.201788
661.376,0.229096,0.228209,0.186261,0.203297,0.196977,0.217317,0.199819,0.214131,0.217609,0.20034
663.003,0.2187,0.227223,0.184031,0.205062,0.20273,0.212249,0.195167,0.206236,0.218136,0.200058
664.63,0.220706,0.222033,0.190519,0.211897,0.206583,0.217164,0.200962,0.211869,0.216187,0.206825
666.256,0.217685,0.229463,0.180567,0.206881,0.204851,0.215567,0.20412,0.209094,0.216147,0.202781
667.883,0.219145,0.234597,0.187246,0.212039,0.205073,0.217852,0.202589,0.214097,0.210823,0.204344
669.51,0.224208,0.235919,0.188468,0.209332,0.203955,0.210491,0.207984,0.211237,0.215099,0.196895
671.137,0.212947,0.22373,0.191919,0.208812,0.197488,0.215623,0.203707,0.212204,0.220475,0.201494
672.763,0.214946,0.227571,0.190117,0.213581,0.2092,0.216954,0.201577,0.210235,0.219683,0.208122
674.39,0.215457,0.235052,0.192767,0.207546,0.207178,0.217409,0.197433,0.214186,0.215759,0.206721
676.017,0.218048,0.223943,0.187702,0.212047,0.209238,0.215251,0.200578,0.207004,0.215249,0.208454
677.644,0.224384,0.228507,0.18779,0.20511,0.204179,0.215213,0.197206,0.216137,0.215371,0.204969
679.27,0.225128,0.235221,0.186115,0.210309,0.210943,0.218359,0.199943,0.215986,0.219868,0.201489
680.897,0.221941,0.226433,0.184534,0.206281,0.201753,0.222493,0.201136,0.210504,0.217515,0.204249
682.524,0.21483,0.23227,0.189229,0.209684,0.200878,0.22646,0.203067,0.21558,0.214497,0.19905
684.151,0.224721,0.230204,0.195261,0.214446,0.201009,0.219131,0.199462,0.210556,0.220983,0.204646
685.777,0.218489,0.229718,0.195183,0.206843,0.204405,0.209592,0.204838,0.209224,0.214304,0.204707
687.404,0.218764,0.22897,0.186804,0.211558,0.204747,0.216116,0.204365,0.215068,0.211047,0.201046
689.031,0.225832,0.229994,0.18546,0.206896,0.202721,0.215897,0.204329,0.211821,0.22091,0.197909
690.658,0.223951,0.230917,0.193547,0.20934,0.202257,0.217762,0.205136,0.211397,0.210015,0.204704
692.284,0.224881,0.231218,0.189658,0.205354,0.207763,0.221964,0.199216,0.208863,0.213985,0.196106
693.911,0.221197,0.225012,0.184451,0.20745,0.208282,0.215564,0.206189,0.212302,0.219803,0.198526
695.538,0.22051,0.227737,0.188944,0.212091,0.204439,0.209251,0.198875,0.212915,0.215071,0.20366
697.165,0.217256,0.22515,0.195167,0.209952,0.196389,0.215512,0.205177,0.213829,0.220498,0.197424
698.791,0.221488,0.231567,0.188968,0.208381,0.211775,0.211809,0.204083,0.209418,0.223692,0.20343
700.418,0.221246,0.226496,0.193208,0.214149,0.203026,0.215747,0.191376,0.212725,0.216174,0.206885
702.045,0.227045,0.227149,0.18398,0.210346,0.199266,0.217999,0.200598,0.214099,0.208455,0.20275
703.672,0.216085,0.231402,0.188435,0.212277,0.198326,0.218365,0.192898,0.213316,0.225074,0.200748
705.298,0.221235,0.222685,0.187978,0.210528,0.202465,0.217085,0.201293,0.216397,0.210049,0.205322
706.925,0.224332,0.230858,0.190673,0.209054,0.207127,0.220515,0.201222,0.205818,0.216987,0.201384
708.552,0.226496,0.230439,0.181978,0.210863,0.208793,0.216776,0.195324,0.21506,0.214459,0.205198
710.178,0.222569,0.237945,0.194532,0.214377,0.199712,0.216671,0.20372,0.215617,0.212309,0.198443
711.805,0.222689,0.228877,0.193769,0.216949,0.204645,0.214332,0.199566,0.206453,0.219976,0.205961
713.432,0.225621,0.232033,0.191276,0.213076,0.200856,0.222524,0.197989,0.211985,0.211608,0.1971
715.059,0.219415,0.234805,0.187229,0.214442,0.199175,0.215348,0.202927,0.21135,0.217371,0.199803
716.685,0.223624,0.23142,0.186087,0.213153,0.207031,0.213122,0.198534,0.215378,0.211695,0.210381
718.312,0.220615,0.232917,0.194246,0.212618,0.206558,0.216446,0.190644,0.216415,0.216025,0.205332
719.939,0.230087,0.224068,0.192207,0.210805,0.207472,0.213745,0.205722,0.214683,0.210593,0.195706
721.566,0.221141,0.226593,0.186385,0.217914,0.197731,0.219662,0.197862,0.220692,0.217221,0.200777
723.192,0.224832,0.227786,0.1968,0.208567,0.206656,0.212405,0.196114,0.214058,0.218383,0.212371
724.819,0.222052,0.225553,0.192995,0.213216,0.20798,0.210611,0.192362,0.207063,0.219999,0.203805
726.446,0.225386,0.227445,0.191206,0.209558,0.198154,0.214574,0.192964,0.217886,0.216617,0.205457
728.073,0.223875,0.22307,0.185668,0.210516,0.205031,0.214238,0.194129,0.213008,0.215642,0.198079
729.699,0.227952,0.22991,0.190145,0.21016,0.20157,0.212818,0.196051,0.219972,0.210526,0.202155
731.326,0.224942,0.233087,0.184421,0.217081,0.203065,0.208394,0.194438,0.214058,0.211205,0.205
732.953,0.224457,0.228329,0.189865,0.210436,0.205551,0.210691,0.195399,0.210947,0.219124,0.203096
734.58,0.217688,0.224831,0.186561,0.216802,0.200295,0.217958,0.197884,0.210797,0.214895,0.20039
736.206,0.22123,0.231593,0.18562,0.205249,0.198518,0.212046,0.201874,0.213437,0.211807,0.203721
737.833,0.223482,0.228553,0.185014,0.207704,0.210998,0.213211,0.202708,0.214457,0.212411,0.199834
739.46,0.221864,0.237207,0.193759,0.221061,0.201021,0.215035,0.190783,0.217099,0.217569,0.205647
741.087,0.233494,0.235383,0.19249,0.215153,0.204527,0.220413,0.193512,0.21549,0.213722,0.203541
742.713,0.230251,0.234475,0.18443,0.213342,0.204543,0.222082,0.19792,0.217063,0.214955,0.208961
744.34,0.228713,0.226228,0.186193,0.216061,0.198172,0.21351,0.20224,0.210719,0.217853,0.213695
745.967,0.230217,0.232978,0.189185,0.208995,0.204052,0.211988,0.20273,0.213694,0.215357,0.206686
747.593,0.230166,0.238154,0.192591,0.211208,0.209823,0.217082,0.198941,0.208851,0.214532,0.205659
749.22,0.227828,0.236551,0.191234,0.218489,0.201725,0.21632,0.197102,0.222756,0.217743,0.20178
750.847,0.224936,0.234637,0.187314,0.212535,0.205452,0.212894,0.200931,0.220621,0.218975,0.203739
752.474,0.227466,0.237768,0.191523,0.211655,0.201704,0.210641,0.197521,0.221941,0.218528,0.204996
754.1,0.230565,0.240187,0.187673,0.206881,0.207152,0.219366,0.194544,0.21977,0.203082,0.203653
755.727,0.22184,0.243551,0.186656,0.205322,0.204333,0.214193,0.202534,0.225328,0.221279,0.209567
757.354,0.233426,0.232327,0.179214,0.212708,0.207713,0.218961,0.190107,0.221544,0.213709,0.202952
758.981,0.233489,0.229648,0.181845,0.206725,0.204819,0.214505,0.188279,0.223879,0.210993,0.201937
760.607,0.219943,0.228049,0.192305,0.21796,0.207961,0.220799,0.197702,0.214584,0.218158,0.206872
762.234,0.230763,0.238617,0.187366,0.209982,0.204416,0.221064,0.198877,0.220909,0.21947,0.215528
763.861,0.238692,0.234641,0.188653,0.215862,0.211767,0.215666,0.196193,0.211158,0.2192,0.204399
765.488,0.22739,0.230214,0.188115,0.214575,0.210375,0.218822,0.193919,0.21398,0.216589,0.205152
767.114,0.222414,0.233273,0.195466,0.210232,0.212629,0.222477,0.197534,0.212125,0.209157,0.196478
768.741,0.231297,0.237783,0.181715,0.210498,0.203105,0.212738,0.189708,0.215915,0.215559,0.208809
770.368,0.220383,0.235142,0.191363,0.214374,0.206124,0.222583,0.196551,0.212609,0.212833,0.198388
771.995,0.223077,0.242975,0.187372,0.197686,0.200542,0.21562,0.191382,0.209669,0.206655,0.210236
773.621,0.226191,0.227434,0.189439,0.216208,0.199311,0.21095,0.193627,0.223595,0.206073,0.195806
775.248,0.219431,0.234013,0.190252,0.21414,0.208603,0.226709,0.189563,0.214607,0.209656,0.207297
776.875,0.242538,0.233369,0.182712,0.208613,0.208221,0.212292,0.186682,0.225276,0.21869,0.200018
778.502,0.229199,0.234077,0.188895,0.214798,0.202559,0.221489,0.192033,0.221885,0.210217,0.202292
780.128,0.228571,0.234162,0.184908,0.200895,0.207493,0.226461,0.193238,0.218849,0.221053,0.205249
781.755,0.219382,0.23905,0.188136,0.215173,0.216542,0.227498,0.193106,0.217629,0.212958,0.201363
783.382,0.230861,0.219593,0.18975,0.217798,0.210396,0.223,0.190199,0.223782,0.211721,0.201401
785.009,0.227144,0.241336,0.193611,0.201696,0.20505,0.227036,0.190512,0.218045,0.211373,0.198881
786.635,0.227836,0.235502,0.186566,0.208175,0.21132,0.217723,0.19017,0.216688,0.215078,0.20962
788.262,0.227507,0.234266,0.18704,0.208681,0.210984,0.214398,0.193334,0.209538,0.210604,0.204034
789.889,0.22632,0.237957,0.187335,0.217096,0.206631,0.219716,0.194889,0.215058,0.215389,0.207751
791.515,0.234351,0.22775,0.191941,0.209646,0.207057,0.218771,0.189556,0.217888,0.220084,0.20894
793.142,0.228819,0.234113,0.189716,0.213296,0.204449,0.222338,0.187076,0.226412,0.224339,0.208283
794.769,0.233849,0.237732,0.190431,0.211791,0.21068,0.223231,0.192942,0.208229,0.218621,0.205987
796.396,0.223403,0.224309,0.174554,0.207419,0.205277,0.219053,0.196728,0.211042,0.2135,0.20568
798.022,0.233911,0.243648,0.187219,0.211068,0.212034,0.216576,0.18866,0.214601,0.207941,0.212032
799.649,0.232005,0.239778,0.191383,0.208463,0.201137,0.219572,0.201097,0.21936,0.215221,0.199581
801.276,0.230724,0.239384,0.191349,0.205637,0.206387,0.217296,0.190764,0.213927,0.220522,0.205337
802.903,0.233481,0.239864,0.189787,0.20515,0.200495,0.218917,0.190839,0.223938,0.212871,0.196801
804.529,0.236056,0.239222,0.196491,0.21061,0.202248,0.215663,0.195198,0.213246,0.229167,0.210787
806.156,0.229748,0.231169,0.195258,0.210535,0.208394,0.208187,0.195111,0.20841,0.211733,0.209711
807.783,0.231427,0.233637,0.19548,0.205701,0.2,0.225591,0.196717,0.226327,0.215819,0.203865
809.41,0.241829,0.23383,0.185034,0.207282,0.216106,0.218119,0.194359,0.216915,0.222565,0.203028
811.036,0.243203,0.229554,0.192865,0.20086,0.218006,0.214394,0.202146,0.219563,0.212303,0.209121
812.663,0.246105,0.233447,0.20105,0.202408,0.210607,0.216452,0.188915,0.23091,0.208837,0.209016
814.29,0.229788,0.238603,0.183115,0.208309,0.205764,0.218307,0.196516,0.227294,0.215831,0.203248
815.917,0.233614,0.241841,0.202884,0.210112,0.207324,0.2066,0.195441,0.222646,0.215902,0.204621
817.543,0.240445,0.236719,0.190703,0.205411,0.205477,0.207198,0.194991,0.217059,0.224022,0.210736
819.17,0.251176,0.239426,0.1883,0.209474,0.201412,0.214299,0.193946,0.215615,0.214524,0.207743
820.797,0.233306,0.232732,0.206912,0.210092,0.20896,0.208877,0.186791,0.225058,0.214144,0.201977
822.424,0.244459,0.230284,0.183411,0.209219,0.212552,0.212405,0.207302,0.221052,0.209826,0.207708
824.05,0.241992,0.244634,0.192767,0.209393,0.213376,0.22284,0.203736,0.223437,0.197755,0.199947
825.677,0.229199,0.243376,0.186251,0.200443,0.207101,0.212518,0.193779,0.22902,0.213896,0.202571
827.304,0.24013,0.239636,0.1932,0.220878,0.216661,0.223597,0.187474,0.2325,0.212377,0.201844
828.931,0.242435,0.233727,0.189993,0.21999,0.213134,0.226272,0.190554,0.2271,0.218972,0.199944
830.557,0.228096,0.237881,0.200663,0.222004,0.210741,0.219685,0.199327,0.222285,0.215182,0.213717
832.184,0.237746,0.233774,0.191773,0.222778,0.209738,0.206997,0.188112,0.219921,0.216511,0.203629
833.811,0.237658,0.245346,0.204363,0.214632,0.201185,0.212894,0.195091,0.228613,0.208553,0.198633
835.437,0.223908,0.244199,0.195303,0.209945,0.221064,0.204862,0.198184,0.225267,0.208,0.203711
837.064,0.241992,0.234057,0.193668,0.214296,0.218639,0.224401,0.196776,0.230539,0.21247,0.211301
838.691,0.253501,0.23746,0.19058,0.210398,0.20633,0.222976,0.18067,0.231514,0.211907,0.216258
840.318,0.234885,0.243643,0.196513,0.208915,0.213106,0.234186,0.196584,0.228217,0.218994,0.21732
841.944,0.243523,0.242776,0.196184,0.21609,0.204283,0.217748,0.194694,0.223117,0.231698,0.211502
843.571,0.229583,0.241957,0.19718,0.221741,0.209855,0.223506,0.190995,0.234416,0.219758,0.21186
845.198,0.250543,0.23932,0.202477,0.228497,0.19992,0.233868,0.202745,0.226707,0.209269,0.223987
846.825,0.239759,0.2439,0.19724,0.211369,0.200145,0.222624,0.186168,0.224595,0.220241,0.20962
848.451,0.234303,0.24654,0.185759,0.21248,0.207227,0.227066,0.207268,0.220436,0.204523,0.199494
850.078,0.233029,0.247709,0.19868,0.219961,0.202356,0.222736,0.202782,0.21828,0.219233,0.20162
851.705,0.235697,0.236925,0.20095,0.217217,0.20833,0.222848,0.204025,0.218753,0.201544,0.215788
853.332,0.24119,0.240104,0.195541,0.205729,0.214687,0.20625,0.197322,0.230903,0.207709,0.21347
854.958,0.237569,0.249015,0.191859,0.209716,0.20437,0.210328,0.194606,0.218468,0.207284,0.204873
856.585,0.246192,0.244419,0.196545,0.22989,0.210175,0.219702,0.192822,0.238218,0.214602,0.203495
858.212,0.243432,0.244702,0.193157,0.210151,0.211276,0.213624,0.193401,0.217275,0.207934,0.215831
859.839,0.23902,0.22295,0.198994,0.2103,0.215584,0.223757,0.192916,0.235152,0.219996,0.19841
861.465,0.249911,0.251127,0.199433,0.211722,0.202978,0.237962,0.191796,0.228133,0.20218,0.213068
863.092,0.244113,0.22765,0.200496,0.202776,0.198458,0.215303,0.1886,0.218547,0.209183,0.206802
864.719,0.240264,0.233189,0.195161,0.205142,0.213195,0.229773,0.192031,0.22402,0.216409,0.214018
866.346,0.248885,0.242323,0.187681,0.208815,0.208755,0.219111,0.196755,0.222543,0.202514,0.207384
867.972,0.249427,0.243093,0.182492,0.205016,0.195481,0.203471,0.200261,0.222374,0.217161,0.200055
869.599,0.236563,0.250393,0.201206,0.206613,0.202505,0.203011,0.192104,0.227672,0.212152,0.220472
871.226,0.237996,0.245039,0.202742,0.203201,0.215701,0.21097,0.189344,0.226975,0.207813,0.201974
872.852,0.240294,0.245578,0.197514,0.208306,0.224077,0.214738,0.181994,0.210198,0.214211,0.210516
874.479,0.248241,0.238292,0.192966,0.216507,0.21036,0.226583,0.193013,0.235701,0.20281,0.204225
876.106,0.230695,0.23981,0.186415,0.202052,0.219317,0.21977,0.20246,0.219092,0.215457,0.21302
877.733,0.230603,0.2448,0.189555,0.204765,0.208501,0.211112,0.197614,0.218729,0.209875,0.216688
879.359,0.234979,0.255995,0.196282,0.214152,0.210719,0.217902,0.198697,0.230337,0.208939,0.202097
880.986,0.228528,0.236832,0.184603,0.207702,0.213735,0.215882,0.197754,0.226756,0.202623,0.199758
882.613,0.242799,0.243001,0.202794,0.211646,0.206945,0.209305,0.19328,0.22427,0.202086,0.213548
884.24,0.24349,0.244415,0.189334,0.215278,0.204056,0.221559,0.198719,0.229486,0.217338,0.211722
885.866,0.250259,0.238882,0.203821,0.200748,0.203094,0.216334,0.191627,0.225894,0.208182,0.198552
887.493,0.230317,0.23308,0.192461,0.218274,0.199581,0.24154,0.191553,0.236464,0.202827,0.227635
889.12,0.228599,0.237069,0.18433,0.221121,0.20667,0.216164,0.194015,0.215302,0.204023,0.210772
890.747,0.252333,0.258463,0.187863,0.21271,0.20913,0.213475,0.199779,0.226469,0.208271,0.217468
892.373,0.239001,0.25375,0.186938,0.216754,0.197787,0.224642,0.183541,0.234196,0.20217,0.222634
894,0.250338,0.233952,0.186414,0.199438,0.203901,0.223834,0.18415,0.214165,0.21242,0.219509
895.627,0.235039,0.245326,0.183544,0.208051,0.205364,0.220094,0.184333,0.223535,0.205819,0.205019
897.254,0.245958,0.260692,0.190816,0.204954,0.200253,0.232064,0.185132,0.224936,0.194844,0.218735
898.88,0.220896,0.245639,0.17987,0.222024,0.194897,0.230212,0.192615,0.231755,0.197926,0.214132
900.507,0.243459,0.237655,0.189791,0.207617,0.19486,0.213264,0.204275,0.211703,0.199929,0.202649
902.134,0.227322,0.235717,0.187905,0.211719,0.204464,0.215861,0.207072,0.225241,0.204944,0.207911
903.761,0.242234,0.248335,0.186362,0.205549,0.214713,0.2164,0.199647,0.2164,0.207992,0.214171
905.387,0.246994,0.259491,0.186363,0.218781,0.198119,0.215285,0.190901,0.230894,0.215815,0.197291
907.014,0.245243,0.256079,0.186439,0.202682,0.20467,0.22349,0.192982,0.215342,0.222153,0.212672
908.641,0.241845,0.260654,0.187018,0.208904,0.220423,0.229579,0.188008,0.216768,0.2165,0.214495
910.268,0.237936,0.234355,0.17978,0.215453,0.208227,0.220051,0.181523,0.218008,0.217965,0.203329
911.894,0.242401,0.255898,0.200026,0.212453,0.212262,0.19853,0.205508,0.226763,0.197707,0.222367
913.521,0.239418,0.240642,0.189572,0.214425,0.213284,0.211295,0.188015,0.220947,0.204114,0.219632
915.148,0.245518,0.258666,0.173222,0.206404,0.212952,0.211961,0.182645,0.229823,0.20739,0.213816
916.774,0.266215,0.25511,0.173423,0.199032,0.211007,0.207907,0.187176,0.225928,0.214228,0.204929
918.401,0.233064,0.255203,0.180141,0.203782,0.209441,0.21997,0.199418,0.205686,0.212561,0.206835
920.028,0.261141,0.246491,0.16834,0.204377,0.203961,0.20589,0.200902,0.22213,0.205749,0.203279
921.655,0.229806,0.258296,0.186752,0.208099,0.220429,0.208802,0.199656,0.240017,0.214723,0.211266
923.281,0.230394,0.251222,0.183498,0.205088,0.195487,0.208824,0.179094,0.222909,0.198025,0.202376
924.908,0.246812,0.252673,0.186697,0.213417,0.209926,0.210927,0.171262,0.210195,0.195931,0.206626
926.535,0.241291,0.243506,0.178736,0.206927,0.203569,0.206778,0.186188,0.22335,0.211599,0.198821
928.162,0.238484,0.249084,0.186235,0.212126,0.202023,0.214111,0.187813,0.203574,0.215052,0.198614
929.788,0.234979,0.239087,0.180668,0.211589,0.191742,0.201336,0.185346,0.212987,0.211517,0.214308
931.415,0.24353,0.22901,0.179682,0.222773,0.222456,0.222933,0.186271,0.227251,0.213221,0.217891
933.042,0.224514,0.261151,0.17688,0.206433,0.210831,0.19864,0.205253,0.222351,0.22259,0.205715
934.669,0.259959,0.226768,0.2,0.221212,0.211854,0.217172,0.191238,0.223232,0.206266,0.19634
936.295,0.221259,0.241522,0.188523,0.208125,0.205066,0.212773,0.174175,0.227234,0.215923,0.21183
937.922,0.229181,0.242867,0.187092,0.205002,0.195204,0.206411,0.176576,0.233709,0.208605,0.210404
939.549,0.247862,0.25009,0.172587,0.222765,0.220129,0.205393,0.184922,0.229642,0.21672,0.203532
941.176,0.233414,0.240331,0.187615,0.21105,0.208318,0.204972,0.177446,0.229834,0.209417,0.206008
942.802,0.226962,0.240022,0.180469,0.212104,0.213146,0.21098,0.170422,0.231778,0.219155,0.198709
944.429,0.231518,0.230784,0.172493,0.202294,0.213023,0.218929,0.198095,0.223327,0.2136,0.212795
946.056,0.226212,0.263713,0.180958,0.204763,0.211709,0.211985,0.168413,0.223502,0.231421,0.207997
947.683,0.216966,0.250895,0.182273,0.202982,0.205282,0.200795,0.190649,0.22008,0.213085,0.197155
949.309,0.223426,0.22143,0.185448,0.206559,0.21362,0.210226,0.189938,0.222449,0.215241,0.206628
950.936,0.229522,0.230134,0.172143,0.219814,0.198181,0.214448,0.161467,0.209701,0.213474,0.1995
952.563,0.24209,0.233613,0.18062,0.22605,0.200502,0.216807,0.168321,0.22416,0.219548,0.217954
954.19,0.244512,0.233641,0.203288,0.209612,0.206919,0.200386,0.192435,0.234714,0.220372,0.222246
955.816,0.226911,0.269138,0.186588,0.210469,0.20553,0.210469,0.168875,0.190185,0.217723,0.203166
957.443,0.226398,0.2249,0.181413,0.203481,0.210163,0.21776,0.188069,0.206827,0.195899,0.224899
959.07,0.23849,0.240156,0.183201,0.220238,0.205675,0.199634,0.179434,0.202839,0.2,0.217471
960.696,0.209046,0.246808,0.188583,0.207801,0.215623,0.203622,0.169865,0.22359,0.216547,0.209879
962.323,0.225661,0.250119,0.173789,0.207561,0.204891,0.2097,0.167149,0.196862,0.213438,0.21015
963.95,0.225182,0.228142,0.17189,0.223783,0.194069,0.208283,0.16307,0.2124,0.209981,0.210398
965.577,0.225568,0.236458,0.187979,0.202325,0.214197,0.188474,0.173323,0.197131,0.207272,0.212286
967.203,0.227307,0.249304,0.190608,0.211339,0.221156,0.216907,0.154618,0.204505,0.211058,0.203002
968.83,0.219168,0.241201,0.180876,0.210663,0.214822,0.235507,0.185029,0.241977,0.194351,0.21831
970.457,0.238802,0.229321,0.193523,0.206257,0.200159,0.230382,0.15491,0.196978,0.209716,0.199252
972.084,0.22549,0.226168,0.165711,0.198033,0.198744,0.220158,0.178601,0.231358,0.208026,0.191213
973.71,0.239888,0.252174,0.175097,0.195512,0.207893,0.213184,0.164564,0.224404,0.202057,0.215197
975.337,0.236575,0.232987,0.201774,0.233276,0.201488,0.201557,0.189665,0.221453,0.203778,0.194291
976.964,0.216322,0.230244,0.180851,0.200535,0.207447,0.203209,0.170842,0.209447,0.214835,0.209127
978.591,0.241765,0.240246,0.184017,0.223349,0.205756,0.20553,0.179201,0.206452,0.196265,0.21
980.217,0.226953,0.259046,0.172887,0.213577,0.212759,0.228306,0.181204,0.219981,0.214992,0.215434
981.844,0.250247,0.239672,0.176933,0.229508,0.198231,0.232459,0.17893,0.194754,0.189056,0.220141
983.471,0.234631,0.22553,0.192308,0.21629,0.207153,0.218686,0.186802,0.201574,0.207827,0.192228
985.098,0.23121,0.254937,0.181373,0.215444,0.203431,0.218265,0.200072,0.187941,0.182773,0.213724
986.724,0.237796,0.210819,0.173945,0.200815,0.21211,0.213042,0.204571,0.210078,0.190459,0.20549
988.351,0.23384,0.237931,0.175936,0.221839,0.211502,0.201916,0.16602,0.217625,0.22815,0.194272
989.978,0.245759,0.244761,0.178334,0.192566,0.214314,0.195334,0.161486,0.213523,0.20219,0.2056
991.605,0.209756,0.22744,0.178935,0.218457,0.210248,0.178849,0.172659,0.219682,0.218381,0.18552
993.231,0.25797,0.22326,0.170875,0.207555,0.194865,0.217317,0.153149,0.212649,0.204125,0.227698
994.858,0.22836,0.240401,0.20305,0.210297,0.198257,0.22164,0.170327,0.217714,0.193464,0.203785
996.485,0.269196,0.246724,0.186571,0.206959,0.20685,0.217352,0.146991,0.202892,0.193781,0.230206
998.112,0.194197,0.220822,0.188688,0.197012,0.204451,0.223623,0.165399,0.193744,0.201669,0.209555
999.738,0.262728,0.240598,0.177033,0.207811,0.192823,0.220347,0.157818,0.226133,0.210526,0.225037
1001.36,0.217518,0.250854,0.179737,0.208394,0.178763,0.151781,0.183925,0.205466,0.204579,0.22975