wavelength,"(174, 3052)","(180, 3085)","(143, 3166)","(158, 3222)","(170, 3189)","(161, 3058)","(173, 3138)","(146, 3174)","(159, 3142)","(149, 3109)","(149, 3085)"
399.471,0.419786,0.367292,0.339726,0.149864,0.25876,0.331507,0.327027,0.395028,0.3297,0.282967,0.164835
401.098,0.441704,0.423423,0.310185,0.161731,0.197248,0.318807,0.24605,0.375291,0.33945,0.291572,0.177677
402.725,0.464286,0.310987,0.23327,0.142315,0.208647,0.291429,0.245779,0.298279,0.263359,0.241445,0.203422
404.351,0.376378,0.333333,0.251613,0.106181,0.194313,0.2576,0.193701,0.320388,0.33121,0.221509,0.155698
405.978,0.371011,0.287049,0.187755,0.106183,0.131081,0.225371,0.192563,0.247956,0.358799,0.219945,0.147541
407.605,0.357555,0.193402,0.243119,0.117647,0.0854503,0.230769,0.129693,0.190364,0.308772,0.20892,0.134977
409.232,0.315634,0.219921,0.166333,0.0747012,0.0918164,0.195147,0.159722,0.212982,0.239479,0.147624,0.115268
410.858,0.276975,0.201537,0.204348,0.0641804,0.0894097,0.133741,0.151877,0.204046,0.239339,0.159965,0.112762
412.485,0.275037,0.169391,0.154726,0.0795107,0.0840336,0.182788,0.121805,0.183077,0.278327,0.129403,0.117917
414.112,0.342438,0.145599,0.130081,0.0565657,0.0725424,0.173116,0.141717,0.153215,0.270933,0.106297,0.0825999
415.738,0.245833,0.169632,0.150121,0.0573325,0.0673544,0.157671,0.150089,0.137146,0.250151,0.117861,0.0771567
417.365,0.264801,0.151776,0.145294,0.0506536,0.0610811,0.158991,0.115322,0.155047,0.265463,0.12687,0.0914127
418.992,0.302063,0.147116,0.126063,0.0619425,0.0561122,0.142571,0.0998517,0.125254,0.21443,0.141266,0.0820253
420.619,0.284158,0.12009,0.12093,0.0544532,0.0523897,0.172063,0.124374,0.142187,0.213499,0.109665,0.070632
422.245,0.309583,0.134055,0.108511,0.0481978,0.0574567,0.137712,0.114548,0.137027,0.208791,0.109208,0.0702355
423.872,0.297913,0.130701,0.137371,0.0503906,0.0651144,0.128245,0.0945216,0.12929,0.208268,0.107937,0.065873
425.499,0.286688,0.122638,0.100917,0.0427007,0.0514599,0.137248,0.0860137,0.13195,0.19905,0.130499,0.0613678
427.126,0.293547,0.142426,0.116191,0.0485569,0.0544077,0.140942,0.110247,0.127778,0.190832,0.13928,0.064494
428.752,0.307934,0.135689,0.100843,0.0448287,0.0421764,0.129427,0.0968254,0.144071,0.198716,0.110074,0.0737045
430.379,0.281434,0.148083,0.100756,0.0376794,0.053028,0.139437,0.109043,0.152667,0.17941,0.123606,0.0618028
432.006,0.318454,0.143708,0.108229,0.0529783,0.0500138,0.132945,0.0919792,0.143982,0.170644,0.124234,0.0604457
433.633,0.285467,0.18576,0.0945602,0.050617,0.0547565,0.124622,0.107455,0.127315,0.178517,0.144087,0.0673588
435.259,0.29895,0.223155,0.0993687,0.0614382,0.0629077,0.133226,0.116877,0.150916,0.173621,0.125409,0.0802527
436.886,0.302977,0.187079,0.102553,0.0544489,0.0613839,0.120957,0.107912,0.156534,0.174458,0.131126,0.077646
438.513,0.288158,0.158065,0.0979872,0.0610503,0.0701172,0.13073,0.113543,0.146973,0.168312,0.133687,0.0759185
440.14,0.29434,0.149288,0.0927124,0.0556507,0.0631466,0.133461,0.106141,0.162903,0.183928,0.128559,0.0601812
441.766,0.291142,0.15973,0.0973415,0.0518714,0.0571546,0.128895,0.115616,0.167703,0.175184,0.135146,0.0617461
443.393,0.307883,0.137807,0.107966,0.0549345,0.0589383,0.138497,0.107843,0.151395,0.18649,0.13871,0.0707189
445.02,0.30286,0.153069,0.102607,0.0595347,0.0651932,0.147765,0.114458,0.14528,0.182306,0.134196,0.0628466
446.647,0.304048,0.141001,0.106307,0.0658126,0.0677185,0.147699,0.110412,0.148568,0.183091,0.145958,0.0651253
448.273,0.313039,0.151465,0.0958227,0.0690528,0.0788616,0.140426,0.110147,0.157786,0.187042,0.134422,0.0617662
449.9,0.318262,0.151418,0.116111,0.0664088,0.0739829,0.165303,0.119808,0.145403,0.202712,0.130853,0.0621635
451.527,0.305924,0.159327,0.103274,0.0781177,0.0795634,0.162838,0.125058,0.16584,0.185694,0.135067,0.0676123
453.153,0.321244,0.168211,0.108067,0.0821445,0.079788,0.156472,0.123216,0.179337,0.207487,0.13405,0.0736141
454.78,0.320932,0.16022,0.11363,0.0786809,0.0961511,0.177077,0.128016,0.169192,0.22617,0.125163,0.0727825
456.407,0.332381,0.163448,0.119485,0.0841393,0.0868046,0.179919,0.134673,0.175788,0.222004,0.137633,0.0707705
458.034,0.328523,0.173644,0.118793,0.0865974,0.0903078,0.168912,0.144761,0.160744,0.21309,0.138364,0.0757289
459.66,0.332696,0.165162,0.119041,0.0834299,0.0948365,0.18278,0.142585,0.184735,0.221743,0.142486,0.0697493
461.287,0.346518,0.190808,0.143817,0.0872224,0.0929065,0.171313,0.141065,0.182711,0.227359,0.154117,0.0991829
462.914,0.323623,0.185887,0.13648,0.0870511,0.100715,0.190704,0.14997,0.200172,0.244821,0.136248,0.0790528
464.541,0.348135,0.189651,0.138187,0.0972271,0.0949117,0.193529,0.148875,0.197683,0.23706,0.151401,0.088425
466.167,0.355773,0.184515,0.145508,0.105346,0.10809,0.186796,0.149861,0.201943,0.237038,0.143067,0.0850728
467.794,0.337338,0.180579,0.152428,0.106362,0.103486,0.19201,0.168414,0.208545,0.237247,0.150374,0.0935228
469.421,0.351304,0.188226,0.162914,0.119962,0.115555,0.201205,0.161304,0.214477,0.245458,0.154033,0.0911966
471.048,0.340161,0.195689,0.164461,0.103659,0.117278,0.214367,0.181938,0.211133,0.240119,0.155183,0.110963
472.674,0.352282,0.203896,0.160501,0.108575,0.129327,0.209651,0.17896,0.215307,0.258465,0.158912,0.101309
474.301,0.365793,0.214293,0.17425,0.119694,0.119961,0.217846,0.180594,0.232721,0.258188,0.155059,0.118523
475.928,0.353788,0.20604,0.170549,0.1208,0.135364,0.216086,0.193639,0.233131,0.260415,0.173445,0.115154
477.555,0.36221,0.223129,0.187564,0.131088,0.130407,0.211547,0.188871,0.226094,0.275247,0.17646,0.131353
479.181,0.384534,0.22112,0.20081,0.129482,0.136009,0.223996,0.196631,0.235635,0.275128,0.191147,0.123092
480.808,0.370502,0.240881,0.191439,0.136944,0.130718,0.22128,0.20063,0.241528,0.268897,0.181494,0.137055
482.435,0.362442,0.236522,0.194134,0.137546,0.149006,0.228737,0.202582,0.253712,0.303359,0.187542,0.1434
484.062,0.374733,0.244444,0.199951,0.138891,0.144145,0.236303,0.215077,0.248783,0.285401,0.195592,0.144625
485.688,0.369259,0.26286,0.212028,0.151066,0.151891,0.244632,0.206756,0.26489,0.302306,0.206674,0.156619
487.315,0.38386,0.260992,0.223324,0.161249,0.167787,0.245579,0.211961,0.280127,0.286365,0.21142,0.162695
488.942,0.378861,0.258686,0.228916,0.157376,0.165309,0.26301,0.244128,0.278444,0.312979,0.221967,0.159406
490.569,0.386896,0.270431,0.250251,0.156201,0.174273,0.2526,0.231688,0.294834,0.302801,0.209096,0.165994
492.195,0.399728,0.269892,0.245703,0.165119,0.169203,0.264859,0.232017,0.291523,0.313572,0.220498,0.189321
493.822,0.384846,0.27859,0.244803,0.161546,0.176919,0.252997,0.240703,0.295054,0.324291,0.227026,0.191987
495.449,0.382436,0.275192,0.253413,0.179174,0.190376,0.268595,0.252834,0.307378,0.321604,0.233594,0.196125
497.075,0.406694,0.281657,0.265068,0.174075,0.191136,0.268052,0.27154,0.310867,0.324832,0.248657,0.199125
498.702,0.393767,0.283863,0.25619,0.177676,0.18408,0.27803,0.257161,0.319937,0.338575,0.239654,0.207367
500.329,0.398282,0.287413,0.273365,0.185801,0.189801,0.277817,0.278019,0.322745,0.336364,0.243236,0.220192
501.956,0.399534,0.308299,0.286377,0.182643,0.196391,0.282822,0.276185,0.325221,0.345344,0.258983,0.21492
503.582,0.420586,0.293045,0.28926,0.191081,0.20213,0.300229,0.297676,0.328586,0.342938,0.258926,0.221712
505.209,0.417357,0.30602,0.279843,0.194569,0.198696,0.296738,0.287494,0.342903,0.355158,0.260246,0.222908
506.836,0.40614,0.314168,0.294026,0.193293,0.214623,0.295378,0.294698,0.345088,0.346081,0.264879,0.235814
508.463,0.420099,0.328472,0.30862,0.204585,0.212656,0.301148,0.297479,0.351359,0.367111,0.275388,0.236972
510.089,0.43286,0.325783,0.310473,0.204926,0.217508,0.298599,0.307949,0.364504,0.364008,0.279319,0.25304
511.716,0.430897,0.331846,0.31786,0.209716,0.218499,0.299312,0.307395,0.36353,0.369057,0.282822,0.259602
513.343,0.440695,0.341288,0.319549,0.208917,0.236895,0.310263,0.320505,0.378461,0.380624,0.301028,0.261724
514.97,0.449461,0.349109,0.3261,0.217677,0.23802,0.319081,0.319858,0.384677,0.375958,0.281273,0.270031
516.596,0.43523,0.34841,0.330053,0.233175,0.238591,0.326854,0.323896,0.394661,0.38508,0.310172,0.269081
518.223,0.446643,0.361305,0.341886,0.235624,0.238241,0.331047,0.344234,0.396954,0.392348,0.312257,0.286712
519.85,0.459277,0.355243,0.360558,0.240675,0.24782,0.326538,0.33944,0.406874,0.383517,0.318461,0.300145
521.477,0.464171,0.367874,0.356459,0.245192,0.254765,0.331006,0.346078,0.40349,0.405767,0.320067,0.299332
523.103,0.451219,0.368897,0.357229,0.253031,0.26791,0.33232,0.348182,0.419745,0.399606,0.331747,0.306307
524.73,0.460687,0.371953,0.36153,0.26115,0.261779,0.34267,0.353381,0.410759,0.402903,0.345125,0.319237
526.357,0.482596,0.392411,0.370303,0.268655,0.266255,0.354476,0.359642,0.421177,0.417592,0.353837,0.317874
527.984,0.486514,0.401362,0.387047,0.261849,0.271969,0.347325,0.374626,0.438569,0.415635,0.364084,0.315655
529.61,0.48771,0.402415,0.386512,0.279861,0.275135,0.343085,0.380288,0.431823,0.42463,0.364457,0.329804
531.237,0.499789,0.407168,0.395014,0.261445,0.293115,0.352325,0.370432,0.440302,0.421729,0.35579,0.335034
532.864,0.486727,0.413738,0.408885,0.28788,0.286214,0.360439,0.389815,0.444792,0.435647,0.371169,0.338793
534.491,0.50411,0.417925,0.412098,0.292203,0.299834,0.364254,0.386013,0.456732,0.443875,0.38648,0.334093
536.117,0.509323,0.431382,0.413309,0.287277,0.293115,0.369359,0.403408,0.459711,0.445716,0.386654,0.353308
537.744,0.49669,0.430864,0.432424,0.307909,0.308781,0.375126,0.422533,0.468396,0.45452,0.384307,0.355229
539.371,0.508739,0.456169,0.435686,0.312221,0.309576,0.387473,0.40518,0.471551,0.457494,0.391732,0.358892
540.997,0.516975,0.461494,0.43082,0.309956,0.320094,0.392054,0.421348,0.476096,0.463903,0.414477,0.368474
542.624,0.517476,0.483433,0.433858,0.309674,0.329619,0.403449,0.422575,0.475763,0.476913,0.416875,0.386601
544.251,0.53106,0.493381,0.445749,0.324066,0.331981,0.398811,0.427918,0.488278,0.464644,0.41115,0.388127
545.878,0.53248,0.489738,0.454442,0.336212,0.326901,0.408103,0.426353,0.509656,0.484166,0.427663,0.386539
547.504,0.530059,0.479793,0.462615,0.330617,0.337844,0.397726,0.438237,0.504492,0.479262,0.427429,0.397495
549.131,0.548127,0.474844,0.467453,0.331698,0.342468,0.414847,0.443716,0.512684,0.485301,0.446353,0.400942
550.758,0.552805,0.495796,0.474943,0.336644,0.354513,0.419499,0.457487,0.519929,0.494271,0.446887,0.403692
552.385,0.557136,0.47989,0.471527,0.34381,0.34119,0.413721,0.464806,0.532109,0.493685,0.442582,0.413416
554.011,0.552148,0.494134,0.49254,0.34329,0.346445,0.424279,0.461266,0.523289,0.493664,0.44804,0.414382
555.638,0.551362,0.498712,0.503448,0.343143,0.348492,0.427683,0.474177,0.530206,0.51004,0.449169,0.429165
557.265,0.559817,0.504875,0.502011,0.353399,0.349271,0.433308,0.472559,0.542506,0.50512,0.457125,0.425381
558.892,0.571118,0.52083,0.507305,0.359219,0.358205,0.437068,0.478566,0.548067,0.504359,0.462769,0.440351
560.518,0.585663,0.504776,0.515812,0.364049,0.370364,0.446302,0.482404,0.559074,0.523756,0.472397,0.441073
562.145,0.589445,0.513391,0.526432,0.366071,0.368909,0.447727,0.491303,0.5657,0.531695,0.48706,0.453792
563.772,0.592772,0.525644,0.513389,0.365412,0.37281,0.435577,0.492503,0.570698,0.520925,0.482137,0.445292
565.399,0.594504,0.526811,0.531551,0.378442,0.37856,0.451618,0.485824,0.566435,0.536807,0.488396,0.455886
567.025,0.603022,0.529738,0.538836,0.386299,0.379517,0.45444,0.501304,0.590062,0.548,0.511945,0.458737
568.652,0.603164,0.543334,0.547681,0.385397,0.387863,0.46405,0.509149,0.580592,0.548767,0.506581,0.464724
570.279,0.610651,0.542882,0.543464,0.39596,0.388426,0.455738,0.507353,0.586666,0.551744,0.521517,0.467908
571.906,0.599748,0.552119,0.560168,0.396178,0.404226,0.469512,0.505108,0.600729,0.554004,0.528099,0.484147
573.532,0.615708,0.557018,0.561026,0.398011,0.39484,0.47269,0.523008,0.586567,0.559467,0.514325,0.489839
575.159,0.615579,0.555888,0.562709,0.399224,0.404268,0.472654,0.536062,0.603997,0.574783,0.533159,0.493529
576.786,0.620129,0.566593,0.562472,0.409517,0.406001,0.468851,0.534362,0.611317,0.563571,0.531304,0.482885
578.412,0.629008,0.576034,0.588207,0.412431,0.40771,0.497633,0.535982,0.620566,0.580972,0.54533,0.501411
580.039,0.627123,0.578452,0.591921,0.422946,0.412169,0.491266,0.53727,0.627684,0.583115,0.546525,0.500843
581.666,0.642782,0.58779,0.590856,0.423065,0.421879,0.500214,0.540188,0.618687,0.594046,0.564693,0.509364
583.293,0.64111,0.591034,0.604427,0.42402,0.419552,0.490422,0.544757,0.635527,0.597569,0.555715,0.520095
584.919,0.647816,0.602242,0.606748,0.44228,0.422029,0.497217,0.556794,0.644998,0.598173,0.560699,0.524486
586.546,0.660906,0.612362,0.620757,0.443561,0.432043,0.503641,0.55623,0.661897,0.594208,0.567342,0.529842
588.173,0.656761,0.616753,0.612742,0.43806,0.43222,0.507931,0.56539,0.645251,0.609487,0.5751,0.533121
589.8,0.65495,0.61587,0.632125,0.450646,0.437573,0.514399,0.566478,0.665654,0.605727,0.591738,0.543784
591.426,0.668777,0.614305,0.626729,0.45423,0.437604,0.520616,0.572054,0.652745,0.619709,0.595873,0.547687
593.053,0.673508,0.6129,0.634848,0.448939,0.454296,0.53073,0.573913,0.657185,0.632574,0.579607,0.544664
594.68,0.676978,0.618523,0.634355,0.467301,0.447588,0.522744,0.581267,0.677348,0.625805,0.601074,0.55008
596.307,0.682787,0.633018,0.654444,0.459886,0.448011,0.540365,0.583408,0.677992,0.635099,0.568035,0.552143
597.933,0.675365,0.63254,0.647877,0.457148,0.450404,0.53312,0.588589,0.667357,0.637873,0.597473,0.564937
599.56,0.688243,0.636486,0.659424,0.475152,0.451718,0.537066,0.581887,0.680505,0.648679,0.614387,0.558865
601.187,0.684433,0.641044,0.664203,0.465992,0.457432,0.544308,0.59262,0.703171,0.645271,0.616676,0.574076
602.814,0.692973,0.641211,0.662708,0.482726,0.464297,0.534658,0.599241,0.700431,0.64984,0.622719,0.582889
604.44,0.711626,0.656244,0.675379,0.493132,0.462461,0.547049,0.604021,0.711617,0.651759,0.626747,0.583168
606.067,0.711479,0.640598,0.672924,0.487184,0.468368,0.55282,0.607218,0.705788,0.655055,0.636793,0.587098
607.694,0.706912,0.662576,0.692402,0.502192,0.469,0.557254,0.607266,0.695504,0.665326,0.643584,0.596416
609.321,0.704168,0.67289,0.684942,0.499479,0.466969,0.556606,0.610159,0.713923,0.661762,0.651218,0.592292
610.947,0.725259,0.689498,0.689676,0.504991,0.479629,0.55863,0.616292,0.724042,0.664638,0.656975,0.613276
612.574,0.722758,0.686421,0.691526,0.499068,0.48636,0.573003,0.625525,0.717271,0.666009,0.652034,0.610211
614.201,0.736217,0.687826,0.708848,0.514263,0.478336,0.575662,0.627062,0.726164,0.677,0.665919,0.629026
615.828,0.731736,0.679102,0.699183,0.509133,0.484977,0.57242,0.641976,0.731735,0.671908,0.665745,0.607914
617.454,0.744557,0.68621,0.712997,0.509487,0.484759,0.577229,0.649446,0.742197,0.679958,0.664858,0.614305
619.081,0.738312,0.69093,0.726928,0.532644,0.483508,0.582677,0.634894,0.748333,0.692757,0.663979,0.625261
620.708,0.739415,0.698985,0.728312,0.529459,0.482119,0.594206,0.645501,0.758271,0.694319,0.684389,0.63026
622.334,0.738973,0.68787,0.730935,0.518832,0.48253,0.585418,0.640419,0.752518,0.699929,0.697417,0.641072
623.961,0.753432,0.698733,0.735133,0.538602,0.495959,0.593247,0.659087,0.749913,0.693532,0.702087,0.646821
625.588,0.760331,0.702448,0.726402,0.532221,0.496081,0.594149,0.646848,0.751988,0.696543,0.699855,0.635801
627.215,0.753549,0.694734,0.740805,0.536376,0.496999,0.602228,0.656078,0.759937,0.709458,0.702109,0.647652
628.841,0.767916,0.706031,0.734826,0.542161,0.502397,0.605931,0.652517,0.758976,0.714127,0.707084,0.634486
630.468,0.756386,0.712127,0.735722,0.537562,0.493603,0.612852,0.665528,0.762749,0.722014,0.705709,0.654783
632.095,0.769791,0.713659,0.745475,0.541528,0.504666,0.61128,0.658266,0.765087,0.702269,0.711908,0.655404
633.722,0.754037,0.724816,0.753432,0.54692,0.509199,0.608693,0.659705,0.762506,0.720888,0.71773,0.642083
635.348,0.768494,0.745986,0.757375,0.554511,0.514558,0.612997,0.674211,0.770376,0.721187,0.721828,0.646927
636.975,0.772341,0.722736,0.761863,0.552276,0.513054,0.613453,0.679847,0.778519,0.722422,0.717759,0.66202
638.602,0.779892,0.733431,0.76979,0.558889,0.506273,0.612211,0.679464,0.798031,0.724312,0.727237,0.672437
640.229,0.776027,0.728535,0.774066,0.552145,0.515085,0.623956,0.662688,0.790126,0.72918,0.730701,0.663804
641.855,0.785926,0.743999,0.79068,0.566307,0.51424,0.629288,0.680468,0.784407,0.732334,0.737156,0.661485
643.482,0.769473,0.733493,0.782239,0.569765,0.521066,0.645989,0.680644,0.789918,0.738087,0.733929,0.665734
645.109,0.795612,0.734151,0.7862,0.562265,0.521423,0.634098,0.683078,0.794305,0.735211,0.743853,0.679762
646.736,0.789608,0.747471,0.781463,0.56843,0.522897,0.639596,0.688739,0.806516,0.754955,0.745128,0.679057
648.362,0.796479,0.736448,0.779027,0.572678,0.530957,0.648932,0.698283,0.806922,0.741341,0.749011,0.686276
649.989,0.793019,0.757542,0.80086,0.572079,0.531708,0.652248,0.706061,0.80752,0.751084,0.753334,0.687659
651.616,0.797328,0.74805,0.794846,0.572596,0.531945,0.641847,0.700923,0.828232,0.760085,0.746175,0.69469
653.243,0.805382,0.760157,0.784681,0.591777,0.536164,0.649351,0.696099,0.817835,0.759649,0.762829,0.69415
654.869,0.812316,0.74311,0.803402,0.589361,0.532056,0.655765,0.708674,0.820091,0.769152,0.762516,0.693278
656.496,0.812202,0.758637,0.802621,0.585079,0.543507,0.665443,0.714751,0.828929,0.755635,0.761609,0.699985
658.123,0.822626,0.749007,0.817132,0.5851,0.53492,0.67723,0.715081,0.839373,0.778695,0.783911,0.710847
659.75,0.811933,0.765095,0.810667,0.579197,0.525094,0.668041,0.720857,0.828902,0.77013,0.775732,0.704789
661.376,0.808826,0.763679,0.816105,0.591664,0.536753,0.675841,0.709196,0.828648,0.775718,0.774136,0.709378
663.003,0.816221,0.76994,0.833211,0.591582,0.541692,0.665861,0.720083,0.836521,0.765099,0.778062,0.706879
664.63,0.820594,0.762622,0.824377,0.591681,0.549747,0.648466,0.727583,0.834288,0.77283,0.77756,0.718818
666.256,0.825001,0.78146,0.82477,0.597452,0.548466,0.668619,0.711848,0.835363,0.783744,0.787123,0.707871
667.883,0.828045,0.772481,0.826331,0.598082,0.547471,0.666462,0.71992,0.840028,0.777759,0.77554,0.705216
669.51,0.840823,0.762278,0.829474,0.612875,0.545997,0.67424,0.732967,0.851871,0.782256,0.783968,0.726248
671.137,0.843713,0.784511,0.843878,0.603607,0.548306,0.672449,0.727017,0.839912,0.801325,0.788575,0.711249
672.763,0.833333,0.785315,0.840658,0.612984,0.542967,0.676932,0.722419,0.859305,0.794158,0.788329,0.716417
674.39,0.843499,0.800009,0.831151,0.619579,0.548846,0.684233,0.731181,0.864912,0.790066,0.783944,0.719292
676.017,0.841281,0.773661,0.831566,0.608444,0.547367,0.688983,0.729019,0.861048,0.791209,0.798643,0.722073
677.644,0.846829,0.783366,0.839701,0.613123,0.559476,0.688256,0.740742,0.873863,0.791696,0.801062,0.726596
679.27,0.850136,0.786987,0.846309,0.627963,0.549689,0.699278,0.734796,0.854928,0.797724,0.799995,0.735294
680.897,0.846734,0.785714,0.852331,0.61764,0.557343,0.685525,0.744382,0.868276,0.798207,0.779507,0.736421
682.524,0.852173,0.788451,0.850543,0.625415,0.556645,0.691238,0.738459,0.859808,0.802371,0.802788,0.724992
684.151,0.846306,0.828365,0.850812,0.61843,0.566637,0.694187,0.742128,0.874616,0.81352,0.803625,0.749038
685.777,0.860856,0.800517,0.843608,0.611083,0.563983,0.693082,0.733935,0.871861,0.800646,0.816005,0.731075
687.404,0.866897,0.805366,0.849334,0.622856,0.566901,0.698234,0.738719,0.872114,0.812215,0.815295,0.747369
689.031,0.866412,0.800136,0.865828,0.624391,0.57583,0.703093,0.752313,0.879396,0.797144,0.815287,0.756128
690.658,0.868469,0.809408,0.857473,0.624375,0.57009,0.685555,0.75597,0.873202,0.81017,0.81566,0.748939
692.284,0.882807,0.791914,0.872295,0.634256,0.567392,0.711751,0.763403,0.886019,0.818717,0.825257,0.752341
693.911,0.86339,0.796423,0.871542,0.632156,0.579938,0.709974,0.756558,0.871927,0.81614,0.809212,0.770719
695.538,0.877209,0.808797,0.872716,0.642718,0.578061,0.708978,0.757857,0.888569,0.825065,0.816599,0.753167
697.165,0.863042,0.804923,0.875576,0.627603,0.580537,0.714626,0.7611,0.888493,0.818895,0.81394,0.754854
698.791,0.874855,0.810278,0.88337,0.642954,0.584904,0.71762,0.75133,0.90581,0.816874,0.830192,0.757742
700.418,0.877971,0.809071,0.88436,0.637194,0.584835,0.7182,0.781908,0.89765,0.812806,0.827734,0.75
702.045,0.880987,0.815183,0.889126,0.641846,0.571027,0.716048,0.764215,0.898478,0.818874,0.832196,0.760179
703.672,0.868499,0.818067,0.890708,0.645776,0.586847,0.718864,0.757704,0.900366,0.825618,0.82756,0.7564
705.298,0.875775,0.813396,0.886262,0.643447,0.58185,0.740249,0.772037,0.912761,0.815862,0.843221,0.763058
706.925,0.877573,0.817206,0.885722,0.644015,0.581143,0.730943,0.775946,0.903458,0.828993,0.854462,0.776767
708.552,0.883512,0.817983,0.905689,0.6437,0.576787,0.736819,0.760221,0.897959,0.824707,0.837114,0.775074
710.178,0.877548,0.829476,0.909697,0.659104,0.586366,0.733312,0.773413,0.922587,0.833211,0.841479,0.768317
711.805,0.881994,0.817939,0.90459,0.652191,0.580863,0.730349,0.766434,0.891012,0.847755,0.84358,0.766577
713.432,0.878718,0.825167,0.902394,0.646657,0.593022,0.72933,0.780513,0.910057,0.833435,0.840395,0.773709
715.059,0.88971,0.833069,0.889581,0.645816,0.592812,0.738036,0.779327,0.919642,0.83677,0.85164,0.775866
716.685,0.867412,0.835489,0.89973,0.648244,0.599989,0.730733,0.778776,0.909618,0.842212,0.860598,0.785288
718.312,0.900476,0.839171,0.894061,0.670188,0.596974,0.739552,0.77547,0.912082,0.833098,0.862282,0.78762
719.939,0.881978,0.835326,0.885774,0.645214,0.597847,0.746778,0.774582,0.921241,0.845418,0.84198,0.795896
721.566,0.885939,0.833764,0.915153,0.664684,0.604612,0.739981,0.785517,0.92611,0.851846,0.853921,0.789128
723.192,0.900731,0.837658,0.914853,0.6554,0.593912,0.731433,0.768704,0.935892,0.845536,0.859841,0.793985
724.819,0.913989,0.842525,0.903879,0.661621,0.592889,0.75118,0.782073,0.93103,0.850863,0.858714,0.788879
726.446,0.889268,0.838399,0.913261,0.65826,0.593967,0.756061,0.787333,0.946079,0.855539,0.871931,0.769385
728.073,0.915165,0.840828,0.91462,0.658068,0.609718,0.744807,0.787181,0.936029,0.846261,0.862066,0.783899
729.699,0.892846,0.84701,0.91754,0.674436,0.609686,0.757239,0.79402,0.931217,0.846246,0.863225,0.795658
731.326,0.906659,0.846869,0.933883,0.664223,0.608792,0.759323,0.790479,0.942462,0.857069,0.862322,0.800891
732.953,0.913643,0.84166,0.922655,0.660857,0.603109,0.769645,0.786874,0.934971,0.858133,0.861756,0.793503
734.58,0.899047,0.850812,0.931016,0.661374,0.604858,0.769784,0.788267,0.936226,0.856701,0.873504,0.78799
736.206,0.916175,0.867956,0.9189,0.668984,0.609017,0.764665,0.790887,0.944928,0.87266,0.873175,0.789399
737.833,0.912011,0.850347,0.942585,0.684083,0.605051,0.759222,0.82151,0.941311,0.873283,0.875276,0.803888
739.46,0.907977,0.872529,0.931629,0.681855,0.617568,0.779307,0.807308,0.93449,0.870139,0.870846,0.799487
741.087,0.910998,0.865157,0.936754,0.676118,0.609406,0.755716,0.804729,0.941888,0.876605,0.874412,0.803559
742.713,0.924721,0.855159,0.94765,0.670858,0.612,0.762851,0.808672,0.957971,0.863603,0.867511,0.804722
744.34,0.916545,0.870111,0.945479,0.688725,0.634182,0.781737,0.81534,0.958135,0.875298,0.88703,0.808253
745.967,0.912695,0.855966,0.938083,0.682724,0.626424,0.788532,0.800221,0.951648,0.886832,0.879567,0.810231
747.593,0.916089,0.853631,0.948699,0.686701,0.624929,0.78136,0.802352,0.955418,0.882408,0.891084,0.826105
749.22,0.912055,0.857029,0.981131,0.688224,0.615873,0.783371,0.808657,0.94245,0.898225,0.892738,0.814991
750.847,0.926824,0.864482,0.964493,0.692505,0.619094,0.779761,0.794978,0.962265,0.901334,0.890076,0.816886
752.474,0.921469,0.856139,0.953823,0.684657,0.62804,0.795734,0.817223,0.951811,0.888899,0.887236,0.808603
754.1,0.926962,0.862404,0.950055,0.703971,0.639528,0.776681,0.812747,0.96432,0.89313,0.885126,0.826465
755.727,0.922378,0.872895,0.951551,0.701003,0.621047,0.789778,0.795117,0.946341,0.902601,0.903515,0.834136
757.354,0.929158,0.87124,0.955095,0.682971,0.625799,0.787938,0.81528,0.954704,0.900994,0.885289,0.82348
758.981,0.935805,0.887511,0.94639,0.69533,0.625515,0.782305,0.812168,0.9619,0.900353,0.902133,0.837115
760.607,0.92476,0.860547,0.968899,0.688184,0.621555,0.797897,0.813498,0.973321,0.909031,0.885607,0.835671
762.234,0.931453,0.878789,0.959221,0.697839,0.632975,0.793925,0.811069,0.969896,0.905713,0.893283,0.82155
763.861,0.931479,0.86316,0.99456,0.691467,0.645887,0.796136,0.818501,0.982643,0.908167,0.897542,0.82981
765.488,0.933331,0.882532,0.973903,0.691388,0.638375,0.788516,0.817281,0.983761,0.891017,0.895371,0.834783
767.114,0.932436,0.878779,0.984532,0.701324,0.629919,0.824424,0.815137,0.967837,0.905935,0.891649,0.827052
768.741,0.937654,0.881618,0.975203,0.698789,0.640732,0.811764,0.808168,0.978561,0.917907,0.900697,0.825821
770.368,0.941021,0.892636,0.98969,0.701941,0.638558,0.815048,0.833419,1.0014,0.919489,0.897529,0.833205
771.995,0.917522,0.887948,1.00082,0.705897,0.631201,0.801891,0.828962,0.986453,0.908867,0.906273,0.831477
773.621,0.936335,0.886588,0.997467,0.698541,0.629488,0.808688,0.821797,0.985862,0.907021,0.893208,0.826657
775.248,0.939488,0.888297,0.986301,0.701186,0.652505,0.790808,0.824983,1.00621,0.916447,0.904633,0.82386
776.875,0.940366,0.887921,0.994238,0.694642,0.646455,0.804693,0.841796,0.993179,0.896876,0.928627,0.835293
778.502,0.927893,0.895043,1.01184,0.707104,0.642267,0.812959,0.818838,0.983359,0.91058,0.906269,0.847096
780.128,0.945141,0.897559,0.999652,0.71263,0.637867,0.814054,0.83148,0.98967,0.924477,0.920072,0.837917
781.755,0.955532,0.88512,1.01307,0.699673,0.649497,0.811643,0.842515,0.995966,0.940329,0.929733,0.836615
783.382,0.948016,0.887413,0.988748,0.718062,0.63757,0.811742,0.820843,1.00597,0.93808,0.924389,0.837021
785.009,0.951476,0.885197,1.01818,0.704302,0.647606,0.811612,0.846286,1.00138,0.92989,0.933743,0.854983
786.635,0.965796,0.905799,1.00597,0.706553,0.636753,0.823655,0.836617,0.998103,0.934441,0.92783,0.827951
788.262,0.958831,0.91663,1.01525,0.706029,0.668106,0.825187,0.832873,0.980919,0.922159,0.915537,0.845984
789.889,0.957829,0.908442,0.991459,0.711728,0.667248,0.825566,0.843285,1.00372,0.945484,0.914824,0.841532
791.515,0.96972,0.903302,1.01864,0.71384,0.649222,0.840907,0.83608,0.997826,0.933046,0.921411,0.855348
793.142,0.947823,0.896149,1.02639,0.714449,0.650432,0.847314,0.84789,1.00341,0.961034,0.909665,0.845445
794.769,0.969548,0.913992,1.0054,0.718468,0.646591,0.835726,0.852145,1.00744,0.960452,0.922677,0.85731
796.396,0.968107,0.911447,1.00531,0.718352,0.669828,0.849943,0.832707,1.01129,0.958721,0.935375,0.862534
798.022,0.96513,0.907288,0.997522,0.719388,0.658529,0.832435,0.839817,1.02785,0.959678,0.921031,0.861548
799.649,0.954178,0.910829,1.02788,0.722549,0.67307,0.855026,0.859016,1.01839,0.94726,0.920422,0.870465
801.276,0.97884,0.906243,1.01385,0.712975,0.669828,0.83474,0.846971,1.01285,0.93681,0.950283,0.86353
802.903,0.958907,0.92248,1.03845,0.727239,0.663041,0.848162,0.864789,1.0131,0.962403,0.953545,0.86941
804.529,0.979348,0.911994,1.04337,0.705145,0.670722,0.842302,0.852567,1.03873,0.971801,0.965322,0.864856
806.156,0.997525,0.927335,1.03586,0.734887,0.675208,0.847952,0.851767,1.01942,0.971323,0.929662,0.874452
807.783,0.97639,0.939504,1.03223,0.730924,0.685109,0.865974,0.853625,1.00414,0.972382,0.956326,0.880973
809.41,0.972396,0.930594,1.03908,0.7262,0.675427,0.848323,0.847959,1.03401,0.990701,0.947327,0.865204
811.036,0.98109,0.914219,1.0609,0.725767,0.68681,0.84336,0.85993,1.01793,0.983738,0.937284,0.863379
812.663,0.984329,0.915651,1.03631,0.73371,0.674266,0.835204,0.84713,1.03738,0.990435,0.956092,0.891852
814.29,0.986741,0.943193,1.03935,0.722908,0.68468,0.852908,0.853744,1.02021,0.984745,0.952472,0.883608
815.917,0.982031,0.927377,1.06559,0.74453,0.677177,0.853876,0.848468,1.04723,0.993895,0.966821,0.867703
817.543,0.976512,0.943041,1.03273,0.738593,0.682491,0.871023,0.858858,1.04786,1.00711,0.962793,0.876706
819.17,0.979096,0.931905,1.06315,0.748731,0.688561,0.856988,0.84975,1.03053,0.974573,0.945485,0.869965
820.797,0.991508,0.952975,1.05063,0.742643,0.689797,0.863724,0.873982,1.03398,0.96776,0.967558,0.877312
822.424,0.995314,0.927028,1.08512,0.736403,0.678687,0.873667,0.856428,1.03704,0.976743,0.956451,0.873547
824.05,0.988311,0.955542,1.07708,0.737401,0.700432,0.87495,0.875819,1.03267,0.973167,0.9456,0.911721
825.677,0.986308,0.932138,1.07666,0.745878,0.692051,0.874344,0.87724,1.05061,0.967294,0.957731,0.896301
827.304,0.991451,0.950501,1.07131,0.722674,0.687914,0.867477,0.870137,1.03203,0.975067,0.963214,0.878205
828.931,0.977833,0.948706,1.082,0.736767,0.723157,0.860857,0.86155,1.05556,0.993596,0.960394,0.884939
830.557,0.990977,0.936392,1.06931,0.729913,0.692256,0.880723,0.86771,1.0497,0.976019,0.976059,0.888399
832.184,0.990397,0.965939,1.0624,0.736277,0.702995,0.88039,0.87644,1.04067,1.00828,0.977511,0.902384
833.811,0.996692,0.951524,1.0873,0.740053,0.701876,0.883463,0.879483,1.04581,1.01145,0.963898,0.877923
835.437,0.992981,0.953028,1.06157,0.761034,0.711511,0.875538,0.877635,1.07461,1.00881,0.935659,0.886049
837.064,0.998549,0.954585,1.08574,0.744807,0.699061,0.892967,0.852648,1.06673,1.00817,0.962854,0.899705
838.691,0.978637,0.959355,1.10695,0.746343,0.688361,0.894005,0.874879,1.09672,0.994493,0.959714,0.890921
840.318,1.00568,0.944653,1.07591,0.738707,0.693934,0.908144,0.884437,1.0616,0.992964,0.969291,0.895205
841.944,0.982642,0.971741,1.07415,0.756629,0.707429,0.893254,0.876936,1.06674,0.9906,0.994312,0.90967
843.571,0.987876,0.969204,1.10431,0.748364,0.695394,0.868563,0.866411,1.06911,1.00061,0.994638,0.926657
845.198,0.992254,0.973177,1.1241,0.73677,0.70819,0.901589,0.890304,1.04743,1.00621,0.974615,0.914056
846.825,0.999101,0.958557,1.09978,0.76915,0.707112,0.894047,0.879858,1.04948,1.01308,0.973881,0.889807
848.451,1.00667,0.930814,1.11739,0.743407,0.71376,0.898579,0.902315,1.06898,1.01549,0.965709,0.887237
850.078,1.00496,0.989031,1.10406,0.754433,0.705065,0.918095,0.888897,1.07369,0.994294,0.956057,0.878779
851.705,1.00022,0.994412,1.10551,0.774323,0.72982,0.910466,0.857719,1.06643,0.983943,0.966013,0.89557
853.332,0.994619,0.945023,1.1194,0.759128,0.700654,0.891084,0.888945,1.06084,1.02046,1.00125,0.889666
854.958,1.0367,0.980738,1.11541,0.766756,0.731287,0.913553,0.886698,1.04915,1.01682,0.961248,0.913686
856.585,0.987833,0.977321,1.11321,0.755062,0.72009,0.90514,0.8933,1.06721,1.01431,0.988213,0.904118
858.212,0.998292,0.962081,1.09733,0.748224,0.720717,0.906723,0.88317,1.08214,0.998188,0.972582,0.890782
859.839,1.00642,0.9665,1.13047,0.761383,0.706983,0.889218,0.899305,1.10648,1.02149,0.970416,0.925886
861.465,1.01116,0.98238,1.13887,0.773366,0.731573,0.88403,0.890681,1.09001,1.01095,0.985267,0.913827
863.092,1.00315,0.993205,1.11211,0.767508,0.740596,0.909126,0.885415,1.07669,1.00154,0.992336,0.935898
864.719,1.0241,0.999317,1.15051,0.773377,0.727455,0.912793,0.894929,1.09884,1.02686,0.978702,0.902993
866.346,0.990168,0.958567,1.10987,0.752143,0.748374,0.907283,0.882868,1.09119,1.0386,0.966159,0.932786
867.972,1.02169,0.983908,1.14458,0.768647,0.749941,0.909465,0.89336,1.07259,1.0187,0.989509,0.923647
869.599,1.02882,0.982502,1.10447,0.7634,0.721901,0.914076,0.885398,1.08209,1.02917,0.991692,0.911567
871.226,1.00445,0.971583,1.12262,0.760821,0.72681,0.92165,0.910753,1.09675,1.01816,1.00454,0.934807
872.852,1.04135,0.975441,1.12746,0.747931,0.737941,0.924893,0.897027,1.05171,1.04772,0.996645,0.953523
874.479,1.01036,0.968083,1.11538,0.755233,0.732234,0.917021,0.888174,1.08398,1.04069,0.985398,0.905626
876.106,1.01885,0.970615,1.13962,0.770234,0.725848,0.925178,0.897347,1.11123,1.0074,0.999165,0.920611
877.733,1.03367,0.992377,1.13718,0.755283,0.747732,0.901917,0.917206,1.0615,1.01292,1.01961,0.926048
879.359,1.00816,1.00696,1.14969,0.739832,0.737485,0.930632,0.874122,1.11182,1.04422,1.00563,0.891232
880.986,1.0278,0.98866,1.13261,0.750737,0.702703,0.925385,0.877541,1.09809,1.03907,0.994795,0.925479
882.613,1.00402,0.996057,1.14067,0.772045,0.73541,0.924174,0.885859,1.11002,1.05129,1.0076,0.958459
884.24,1.00762,0.989129,1.12856,0.763258,0.745667,0.931772,0.892795,1.11387,1.02328,0.997575,0.931028
885.866,1.02235,0.990758,1.13979,0.780939,0.740955,0.914255,0.875659,1.10489,1.02224,1.006,0.918538
887.493,0.999822,0.992062,1.12123,0.743226,0.751339,0.923006,0.896918,1.0678,1.0371,1.02083,0.940819
889.12,0.974468,1.00109,1.14637,0.744293,0.756918,0.919821,0.877987,1.10996,1.04213,1.03256,0.943956
890.747,1.014,1.01397,1.16133,0.774563,0.741226,0.936102,0.875357,1.10528,1.03596,0.99962,0.931398
892.373,1.0124,1.01141,1.15765,0.756612,0.752785,0.939604,0.889963,1.11712,1.02664,0.986149,0.934109
894,1.03208,1.01477,1.16644,0.769834,0.745569,0.92521,0.882583,1.12561,1.04433,1.01102,0.957796
895.627,1.01641,0.999123,1.12567,0.762181,0.745646,0.930631,0.878999,1.12178,1.02396,0.981439,0.925955
897.254,1.00078,1.00585,1.17747,0.756838,0.717928,0.912051,0.878844,1.09628,1.01976,1.02476,0.930195
898.88,0.987378,0.994066,1.16498,0.788705,0.754538,0.934725,0.906743,1.10925,1.04113,1.0207,0.933361
900.507,1.00914,0.997371,1.17791,0.771171,0.739197,0.927378,0.869473,1.12284,0.992102,1.01469,0.930618
902.134,0.983118,0.997532,1.13847,0.783549,0.760157,0.936208,0.893355,1.13919,1.02923,0.977745,0.931653
903.761,1.01252,1.00764,1.15909,0.758249,0.788593,0.930415,0.893134,1.1268,1.01123,1.03008,0.913295
905.387,1.00241,1.01969,1.14552,0.753451,0.769125,0.956098,0.895491,1.13403,1.02287,1.04246,0.940214
907.014,1.00583,0.984395,1.15617,0.793573,0.770602,0.915409,0.89487,1.1563,1.01628,1.05002,0.972967
908.641,1.02903,1.01079,1.1417,0.78128,0.754113,0.905402,0.885367,1.11493,1.05462,1.02967,0.936448
910.268,1.00247,1.01885,1.13251,0.758428,0.778508,0.936173,0.881562,1.11951,1.04834,1.0224,0.946003
911.894,0.987331,1.0141,1.18141,0.792162,0.801058,0.920287,0.914848,1.13159,1.04632,1.00792,0.942233
913.521,0.981888,1.00685,1.13424,0.786383,0.770852,0.942909,0.899496,1.14217,1.0451,1.05115,0.958338
915.148,1.00989,1.00245,1.14433,0.775196,0.788879,0.934452,0.896248,1.11369,1.0553,1.02925,0.927832
916.774,1.02216,1.00294,1.13581,0.778817,0.786797,0.932397,0.892269,1.11877,1.02475,1.01178,0.938323
918.401,1.01498,1.03938,1.16871,0.774016,0.759548,0.915377,0.88811,1.12548,1.05127,0.993262,0.96619
920.028,0.997109,1.04275,1.15201,0.748963,0.77097,0.949264,0.919181,1.1224,1.02056,1.02822,0.959966
921.655,1.01224,1.01057,1.18715,0.774127,0.749849,0.931431,0.882038,1.141,1.06215,1.03344,0.949597
923.281,1.00734,1.01478,1.14845,0.783744,0.795094,0.95674,0.92126,1.13861,1.06344,1.01648,0.94671
924.908,1.01072,1.03463,1.14184,0.810704,0.78451,0.969282,0.893833,1.07832,1.04663,1.03043,0.952713
926.535,1.02658,1.01408,1.14986,0.802734,0.779404,0.937272,0.908792,1.12078,1.0635,1.04231,0.93881
928.162,0.978517,1.01608,1.15087,0.774545,0.783819,0.935971,0.913567,1.12353,1.03401,1.0193,0.934075
929.788,1.0053,1.032,1.15684,0.783134,0.815943,0.956558,0.883413,1.17003,1.06136,1.03971,0.946871
931.415,1.01021,1.00097,1.15377,0.791533,0.805602,0.950268,0.920594,1.14672,1.04783,1.01346,1.00743
933.042,1.02237,1.00608,1.16537,0.776366,0.796605,0.949079,0.911341,1.10204,1.04052,0.986755,1.00619
934.669,1.00673,1.04241,1.19781,0.774222,0.786538,0.925915,0.896483,1.11898,1.05351,1.02711,0.974363
936.295,0.9767,1.00486,1.17439,0.759165,0.755985,0.97813,0.902357,1.14808,1.04827,1.03977,0.930411
937.922,1.03317,1.00964,1.15171,0.766107,0.810313,0.930892,0.875713,1.15446,1.06025,1.0106,0.974048
939.549,1.00687,1.03364,1.1791,0.73874,0.774008,0.941647,0.900061,1.13929,1.04128,1.06475,0.995128
941.176,1.01211,1.06319,1.13998,0.796057,0.844518,0.893062,0.870827,1.18116,1.02982,1.03245,0.928708
942.802,0.983575,1.021,1.20046,0.74887,0.810521,0.956245,0.882659,1.15083,1.0353,1.06213,0.96459
944.429,1.02254,1.03442,1.16046,0.750873,0.799471,0.982713,0.907491,1.15185,1.08661,1.02563,0.980359
946.056,1.03313,1.05398,1.19178,0.797372,0.797517,0.937901,0.899786,1.14922,1.05725,0.997636,0.926039
947.683,0.986232,1.01704,1.2147,0.753772,0.807502,0.948471,0.893764,1.13858,1.03714,1.00981,0.969353
949.309,0.983007,0.977383,1.18331,0.795478,0.801074,0.947111,0.911553,1.16154,1.01582,0.98992,0.937087
950.936,1.00594,1.04328,1.19305,0.801346,0.76786,0.947987,0.895848,1.12006,1.02676,1.00444,0.958585
952.563,1.02831,1.01996,1.18215,0.766058,0.817856,0.941755,0.880713,1.1835,1.07541,1.01821,0.960685
954.19,1.01465,1.0122,1.15791,0.794829,0.79321,0.915519,0.874887,1.12653,1.05453,1.00849,0.964213
955.816,1.01967,1.00354,1.21856,0.792623,0.782682,0.93861,0.898046,1.12922,1.04458,1.00662,0.954201
957.443,1.03281,1.0572,1.18192,0.783773,0.83254,0.916231,0.91064,1.18344,1.07981,1.06269,0.9701
959.07,1.03338,1.01904,1.14701,0.755399,0.80203,0.948576,0.918383,1.15515,1.05556,1.03161,0.949417
960.696,1.00609,1.02917,1.20275,0.772445,0.811291,0.923856,0.886341,1.15186,1.07085,1.01081,0.994594
962.323,1.018,0.999599,1.21805,0.787941,0.76989,0.959554,0.90795,1.12135,1.08211,1.04064,0.966919
963.95,1.0307,0.996943,1.19689,0.767078,0.814224,0.967038,0.903998,1.12926,1.05392,1.06,0.984738
965.577,1.06539,1.03355,1.16574,0.805869,0.841705,0.940382,0.903058,1.17686,1.08122,1.02576,0.978927
967.203,0.999572,0.97939,1.16912,0.768645,0.808846,0.914621,0.870741,1.17315,1.05769,1.07398,0.981778
968.83,1.04048,1.03545,1.15996,0.758705,0.799029,0.946229,0.889059,1.1076,1.06155,1.05694,1.03587
970.457,0.985808,1.02664,1.16959,0.76287,0.809207,0.971207,0.85325,1.16923,1.08854,1.06842,0.962144
972.084,1.02168,1.04613,1.21525,0.776405,0.832281,0.958353,0.895026,1.15273,1.09688,1.06701,0.925258
973.71,1.0066,1.0118,1.16808,0.786382,0.792105,0.948977,0.906155,1.14313,1.13211,1.02649,0.966356
975.337,1.02609,1.04743,1.16533,0.813211,0.795399,0.975306,0.896892,1.14693,1.09059,1.07257,0.942189
976.964,1.00722,1.02024,1.19352,0.791178,0.816393,0.969144,0.915802,1.15027,1.09042,1.0593,0.942229
978.591,1.04052,1.03944,1.13966,0.765452,0.83438,0.934435,0.91885,1.15794,1.0778,1.06958,1.00608
980.217,1.034,1.0549,1.22566,0.778962,0.800324,0.96863,0.844338,1.21643,1.08894,1.04325,0.996168
981.844,0.987801,1.04779,1.15152,0.751912,0.823891,0.932367,0.870237,1.17654,1.11057,1.03686,0.952571
983.471,0.991389,1.01448,1.16173,0.760481,0.803876,0.923691,0.894511,1.21087,1.05973,1.08071,0.935199
985.098,1.04695,1.0324,1.17715,0.801708,0.78494,0.980446,0.888164,1.18168,1.08175,1.04665,0.910061
986.724,1.01423,1.05167,1.21003,0.770814,0.787407,0.955167,0.895647,1.20148,1.07006,1.06751,0.948653
988.351,1.02368,1.01459,1.1866,0.775584,0.807159,0.968729,0.902118,1.17827,1.06026,1.03153,0.941872
989.978,1.01325,0.978232,1.10651,0.742877,0.793613,0.946075,0.890073,1.17231,1.07136,1.00679,0.9389
991.605,0.999657,1.03267,1.19874,0.790453,0.814815,0.977121,0.90625,1.1931,1.03866,1.0151,0.911837
993.231,0.985831,0.996786,1.17559,0.737812,0.809609,0.950236,0.907862,1.11979,1.0029,1.07046,0.956553
994.858,1.0011,0.994115,1.17117,0.742283,0.803406,0.930789,0.849597,1.19362,1.03644,1.04065,0.963116
996.485,1.01945,0.983588,1.12027,0.75463,0.831169,0.966795,0.846416,1.14365,1.06962,1.05139,0.945469
998.112,1.00277,1.04923,1.20708,0.738609,0.80427,0.934084,0.887103,1.14036,1.0739,1.07926,0.9907
999.738,0.957455,1.02018,1.18208,0.790402,0.816901,0.965745,0.867856,1.20168,1.10683,1.07763,0.977999
1001.36,0.946289,0.960114,1.11715,0.780092,0.817506,0.902836,0.960623,1.12721,1.09996,1.07095,1.01889